title,score,fit_bucket,currency,bid_count,url
Fix 403/429 Node API Errors,38,Skip,CAD,48,https://www.freelancer.com/projects/api-developmet/Fix-Node-API-Errors
Migrar WordPress y Correos,15,Skip,USD,15,https://www.freelancer.com/projects/cpanel/Migrar-WordPress-Correos
Build SEO-Ready WordPress Site,5,Skip,USD,60,https://www.freelancer.com/projects/web-development/Build-SEO-Ready-WordPress-Site
US-Based IT Equipment Manager Needed,20,Skip,USD,0,https://www.freelancer.com/projects/logistics-shipping/Based-Equipment-Manager-Needed
CPA Audit of Partnership Statements,21,Skip,USD,11,https://www.freelancer.com/projects/accounting/CPA-Audit-Partnership-Statements
 ABC Building and Construction Platform (Frontend + Database Ready),15,Skip,USD,42,https://www.freelancer.com/projects/c-sharp-programming/ABC-Building-Construction-Platform
UI/UX FULL PLATFORM REFINEMENT – ,5,Skip,USD,25,https://www.freelancer.com/projects/website-design/FULL-PLATFORM-REFINEMENT
Full stack - experto en FLUTTERFLOW + UX/UI,5,Skip,EUR,33,https://www.freelancer.com/projects/Full-stack-experto-FLUTTERFLOW-fix
ESP32-S3 Based Data Acquisition Board Design,15,Skip,USD,18,https://www.freelancer.com/projects/embedded-systems/ESP-Based-Data-Acquisition-Board
